x-axis,1,2
second,Volt,Volt
-3.79000E-03,+523.43750E-03,+698.18750E-03
-3.77000E-03,+507.81250E-03,+713.81250E-03
-3.75000E-03,+492.18750E-03,+721.62500E-03
-3.73000E-03,+476.56250E-03,+729.43750E-03
-3.71000E-03,+468.75000E-03,+745.06250E-03
-3.69000E-03,+453.12500E-03,+768.50000E-03
-3.67000E-03,+429.68750E-03,+799.75000E-03
-3.65000E-03,+429.68750E-03,+823.18750E-03
-3.63000E-03,+421.87500E-03,+815.37500E-03
-3.61000E-03,+398.43750E-03,+807.56250E-03
-3.59000E-03,+375.00000E-03,+823.18750E-03
-3.57000E-03,+359.37500E-03,+838.81250E-03
-3.55000E-03,+351.56250E-03,+846.62500E-03
-3.53000E-03,+328.12500E-03,+854.43750E-03
-3.51000E-03,+296.87500E-03,+862.25000E-03
-3.49000E-03,+265.62500E-03,+838.81250E-03
-3.47000E-03,+250.00000E-03,+815.37500E-03
-3.45000E-03,+234.37500E-03,+815.37500E-03
-3.43000E-03,+218.75000E-03,+815.37500E-03
-3.41000E-03,+203.12500E-03,+823.18750E-03
-3.39000E-03,+195.31250E-03,+815.37500E-03
-3.37000E-03,+171.87500E-03,+791.93750E-03
-3.35000E-03,+132.81250E-03,+799.75000E-03
-3.33000E-03,+125.00000E-03,+823.18750E-03
-3.31000E-03,+109.37500E-03,+815.37500E-03
-3.29000E-03,+85.93750E-03,+807.56250E-03
-3.27000E-03,+78.12500E-03,+815.37500E-03
-3.25000E-03,+62.50000E-03,+831.00000E-03
-3.23000E-03,+39.06250E-03,+838.81250E-03
-3.21000E-03,+23.43750E-03,+846.62500E-03
-3.19000E-03,-0.0E+00,+862.25000E-03
-3.17000E-03,-23.43750E-03,+862.25000E-03
-3.15000E-03,-39.06250E-03,+870.06250E-03
-3.13000E-03,-54.68750E-03,+877.87500E-03
-3.11000E-03,-70.31250E-03,+885.68750E-03
-3.09000E-03,-85.93750E-03,+885.68750E-03
-3.07000E-03,-117.18750E-03,+885.68750E-03
-3.05000E-03,-140.62500E-03,+893.50000E-03
-3.03000E-03,-148.43750E-03,+901.31250E-03
-3.01000E-03,-140.62500E-03,+901.31250E-03
-2.99000E-03,-156.25000E-03,+909.12500E-03
-2.97000E-03,-195.31250E-03,+916.93750E-03
-2.95000E-03,-195.31250E-03,+916.93750E-03
-2.93000E-03,-218.75000E-03,+909.12500E-03
-2.91000E-03,-257.81250E-03,+893.50000E-03
-2.89000E-03,-281.25000E-03,+893.50000E-03
-2.87000E-03,-304.68750E-03,+885.68750E-03
-2.85000E-03,-312.50000E-03,+877.87500E-03
-2.83000E-03,-335.93750E-03,+870.06250E-03
-2.81000E-03,-367.18750E-03,+862.25000E-03
-2.79000E-03,-375.00000E-03,+862.25000E-03
-2.77000E-03,-382.81250E-03,+862.25000E-03
-2.75000E-03,-406.25000E-03,+831.00000E-03
-2.73000E-03,-429.68750E-03,+807.56250E-03
-2.71000E-03,-437.50000E-03,+815.37500E-03
-2.69000E-03,-453.12500E-03,+791.93750E-03
-2.67000E-03,-476.56250E-03,+784.12500E-03
-2.65000E-03,-500.00000E-03,+776.31250E-03
-2.63000E-03,-523.43750E-03,+752.87500E-03
-2.61000E-03,-531.25000E-03,+752.87500E-03
-2.59000E-03,-539.06250E-03,+752.87500E-03
-2.57000E-03,-554.68750E-03,+760.68750E-03
-2.55000E-03,-562.50000E-03,+760.68750E-03
-2.53000E-03,-578.12500E-03,+752.87500E-03
-2.51000E-03,-609.37500E-03,+752.87500E-03
-2.49000E-03,-617.18750E-03,+752.87500E-03
-2.47000E-03,-625.00000E-03,+752.87500E-03
-2.45000E-03,-640.62500E-03,+745.06250E-03
-2.43000E-03,-656.25000E-03,+737.25000E-03
-2.41000E-03,-679.68750E-03,+745.06250E-03
-2.39000E-03,-687.50000E-03,+752.87500E-03
-2.37000E-03,-695.31250E-03,+737.25000E-03
-2.35000E-03,-718.75000E-03,+721.62500E-03
-2.33000E-03,-726.56250E-03,+721.62500E-03
-2.31000E-03,-742.18750E-03,+721.62500E-03
-2.29000E-03,-773.43750E-03,+706.00000E-03
-2.27000E-03,-781.25000E-03,+698.18750E-03
-2.25000E-03,-789.06250E-03,+682.56250E-03
-2.23000E-03,-789.06250E-03,+659.12500E-03
-2.21000E-03,-789.06250E-03,+643.50000E-03
-2.19000E-03,-789.06250E-03,+627.87500E-03
-2.17000E-03,-796.87500E-03,+612.25000E-03
-2.15000E-03,-843.75000E-03,+588.81250E-03
-2.13000E-03,-867.18750E-03,+573.18750E-03
-2.11000E-03,-875.00000E-03,+549.75000E-03
-2.09000E-03,-882.81250E-03,+526.31250E-03
-2.07000E-03,-875.00000E-03,+518.50000E-03
-2.05000E-03,-875.00000E-03,+518.50000E-03
-2.03000E-03,-890.62500E-03,+479.43750E-03
-2.01000E-03,-906.25000E-03,+448.18750E-03
-1.99000E-03,-906.25000E-03,+440.37500E-03
-1.97000E-03,-921.87500E-03,+424.75000E-03
-1.95000E-03,-929.68750E-03,+416.93750E-03
-1.93000E-03,-929.68750E-03,+401.31250E-03
-1.91000E-03,-937.50000E-03,+385.68750E-03
-1.89000E-03,-937.50000E-03,+377.87500E-03
-1.87000E-03,-937.50000E-03,+377.87500E-03
-1.85000E-03,-945.31250E-03,+370.06250E-03
-1.83000E-03,-953.12500E-03,+370.06250E-03
-1.81000E-03,-960.93750E-03,+370.06250E-03
-1.79000E-03,-960.93750E-03,+362.25000E-03
-1.77000E-03,-976.56250E-03,+362.25000E-03
-1.75000E-03,-976.56250E-03,+354.43750E-03
-1.73000E-03,-968.75000E-03,+331.00000E-03
-1.71000E-03,-992.18750E-03,+315.37500E-03
-1.69000E-03,-984.37500E-03,+315.37500E-03
-1.67000E-03,-984.37500E-03,+299.75000E-03
-1.65000E-03,-1.00000000E+00,+276.31250E-03
-1.63000E-03,-1.00000000E+00,+268.50000E-03
-1.61000E-03,-1.00781250E+00,+260.68750E-03
-1.59000E-03,-1.01562500E+00,+245.06250E-03
-1.57000E-03,-1.02343750E+00,+206.00000E-03
-1.55000E-03,-1.00781250E+00,+166.93750E-03
-1.53000E-03,-992.18750E-03,+151.31250E-03
-1.51000E-03,-1.00000000E+00,+127.87500E-03
-1.49000E-03,-1.01562500E+00,+104.43750E-03
-1.47000E-03,-1.02343750E+00,+73.18750E-03
-1.45000E-03,-1.00781250E+00,+41.93750E-03
-1.43000E-03,-1.01562500E+00,+26.31250E-03
-1.41000E-03,-1.03125000E+00,+10.68750E-03
-1.39000E-03,-1.02343750E+00,-4.93750E-03
-1.37000E-03,-1.01562500E+00,-28.37500E-03
-1.35000E-03,-1.01562500E+00,-44.00000E-03
-1.33000E-03,-1.02343750E+00,-51.81250E-03
-1.31000E-03,-1.02343750E+00,-75.25000E-03
-1.29000E-03,-1.00000000E+00,-75.25000E-03
-1.27000E-03,-992.18750E-03,-83.06250E-03
-1.25000E-03,-1.00000000E+00,-106.50000E-03
-1.23000E-03,-984.37500E-03,-98.68750E-03
-1.21000E-03,-976.56250E-03,-106.50000E-03
-1.19000E-03,-960.93750E-03,-122.12500E-03
-1.17000E-03,-937.50000E-03,-129.93750E-03
-1.15000E-03,-945.31250E-03,-145.56250E-03
-1.13000E-03,-960.93750E-03,-153.37500E-03
-1.11000E-03,-953.12500E-03,-129.93750E-03
-1.09000E-03,-937.50000E-03,-122.12500E-03
-1.07000E-03,-937.50000E-03,-145.56250E-03
-1.05000E-03,-929.68750E-03,-169.00000E-03
-1.03000E-03,-906.25000E-03,-184.62500E-03
-1.01000E-03,-906.25000E-03,-192.43750E-03
-990.00E-06,-906.25000E-03,-200.25000E-03
-970.00E-06,-882.81250E-03,-215.87500E-03
-950.00E-06,-867.18750E-03,-231.50000E-03
-930.00E-06,-851.56250E-03,-254.93750E-03
-910.00E-06,-843.75000E-03,-286.18750E-03
-890.00E-06,-851.56250E-03,-309.62500E-03
-870.00E-06,-851.56250E-03,-333.06250E-03
-850.00E-06,-828.12500E-03,-356.50000E-03
-830.00E-06,-820.31250E-03,-379.93750E-03
-810.00E-06,-828.12500E-03,-411.18750E-03
-790.00E-06,-796.87500E-03,-442.43750E-03
-770.00E-06,-773.43750E-03,-458.06250E-03
-750.00E-06,-773.43750E-03,-473.68750E-03
-730.00E-06,-757.81250E-03,-497.12500E-03
-710.00E-06,-742.18750E-03,-520.56250E-03
-690.00E-06,-726.56250E-03,-528.37500E-03
-670.00E-06,-718.75000E-03,-551.81250E-03
-650.00E-06,-710.93750E-03,-567.43750E-03
-630.00E-06,-703.12500E-03,-567.43750E-03
-610.00E-06,-687.50000E-03,-575.25000E-03
-590.00E-06,-664.06250E-03,-575.25000E-03
-570.00E-06,-664.06250E-03,-567.43750E-03
-550.00E-06,-648.43750E-03,-567.43750E-03
-530.00E-06,-617.18750E-03,-575.25000E-03
-510.00E-06,-609.37500E-03,-575.25000E-03
-490.00E-06,-593.75000E-03,-567.43750E-03
-470.00E-06,-570.31250E-03,-559.62500E-03
-450.00E-06,-562.50000E-03,-575.25000E-03
-430.00E-06,-539.06250E-03,-583.06250E-03
-410.00E-06,-507.81250E-03,-583.06250E-03
-390.00E-06,-500.00000E-03,-590.87500E-03
-370.00E-06,-492.18750E-03,-590.87500E-03
-350.00E-06,-484.37500E-03,-606.50000E-03
-330.00E-06,-468.75000E-03,-637.75000E-03
-310.00E-06,-453.12500E-03,-653.37500E-03
-290.00E-06,-445.31250E-03,-661.18750E-03
-270.00E-06,-437.50000E-03,-676.81250E-03
-250.00E-06,-406.25000E-03,-692.43750E-03
-230.00E-06,-375.00000E-03,-700.25000E-03
-210.00E-06,-359.37500E-03,-715.87500E-03
-190.00E-06,-328.12500E-03,-731.50000E-03
-170.00E-06,-328.12500E-03,-754.93750E-03
-150.00E-06,-320.31250E-03,-786.18750E-03
-130.00E-06,-281.25000E-03,-794.00000E-03
-110.00E-06,-257.81250E-03,-794.00000E-03
-90.00E-06,-250.00000E-03,-801.81250E-03
-70.00E-06,-234.37500E-03,-817.43750E-03
-50.00E-06,-203.12500E-03,-825.25000E-03
-30.00E-06,-179.68750E-03,-825.25000E-03
-10.00E-06,-164.06250E-03,-825.25000E-03
+10.00E-06,-148.43750E-03,-825.25000E-03
+30.00E-06,-125.00000E-03,-825.25000E-03
+50.00E-06,-109.37500E-03,-825.25000E-03
+70.00E-06,-101.56250E-03,-825.25000E-03
+90.00E-06,-85.93750E-03,-825.25000E-03
+110.00E-06,-62.50000E-03,-817.43750E-03
+130.00E-06,-46.87500E-03,-809.62500E-03
+150.00E-06,-39.06250E-03,-794.00000E-03
+170.00E-06,-7.81250E-03,-786.18750E-03
+190.00E-06,+7.81250E-03,-794.00000E-03
+210.00E-06,+23.43750E-03,-786.18750E-03
+230.00E-06,+46.87500E-03,-770.56250E-03
+250.00E-06,+62.50000E-03,-762.75000E-03
+270.00E-06,+85.93750E-03,-770.56250E-03
+290.00E-06,+101.56250E-03,-786.18750E-03
+310.00E-06,+117.18750E-03,-794.00000E-03
+330.00E-06,+140.62500E-03,-794.00000E-03
+350.00E-06,+164.06250E-03,-801.81250E-03
+370.00E-06,+171.87500E-03,-809.62500E-03
+390.00E-06,+187.50000E-03,-817.43750E-03
+410.00E-06,+218.75000E-03,-825.25000E-03
+430.00E-06,+226.56250E-03,-833.06250E-03
+450.00E-06,+242.18750E-03,-833.06250E-03
+470.00E-06,+257.81250E-03,-833.06250E-03
+490.00E-06,+273.43750E-03,-840.87500E-03
+510.00E-06,+304.68750E-03,-840.87500E-03
+530.00E-06,+328.12500E-03,-833.06250E-03
+550.00E-06,+351.56250E-03,-856.50000E-03
+570.00E-06,+367.18750E-03,-864.31250E-03
+590.00E-06,+375.00000E-03,-833.06250E-03
+610.00E-06,+390.62500E-03,-825.25000E-03
+630.00E-06,+414.06250E-03,-817.43750E-03
+650.00E-06,+429.68750E-03,-801.81250E-03
+670.00E-06,+445.31250E-03,-794.00000E-03
+690.00E-06,+476.56250E-03,-794.00000E-03
+710.00E-06,+507.81250E-03,-770.56250E-03
+730.00E-06,+507.81250E-03,-754.93750E-03
+750.00E-06,+507.81250E-03,-739.31250E-03
+770.00E-06,+531.25000E-03,-715.87500E-03
+790.00E-06,+554.68750E-03,-708.06250E-03
+810.00E-06,+570.31250E-03,-684.62500E-03
+830.00E-06,+578.12500E-03,-661.18750E-03
+850.00E-06,+578.12500E-03,-661.18750E-03
+870.00E-06,+585.93750E-03,-661.18750E-03
+890.00E-06,+609.37500E-03,-645.56250E-03
+910.00E-06,+632.81250E-03,-637.75000E-03
+930.00E-06,+648.43750E-03,-637.75000E-03
+950.00E-06,+664.06250E-03,-629.93750E-03
+970.00E-06,+679.68750E-03,-622.12500E-03
+990.00E-06,+687.50000E-03,-622.12500E-03
+1.01000E-03,+703.12500E-03,-614.31250E-03
+1.03000E-03,+726.56250E-03,-606.50000E-03
+1.05000E-03,+750.00000E-03,-606.50000E-03
+1.07000E-03,+765.62500E-03,-622.12500E-03
+1.09000E-03,+773.43750E-03,-622.12500E-03
+1.11000E-03,+765.62500E-03,-606.50000E-03
+1.13000E-03,+757.81250E-03,-606.50000E-03
+1.15000E-03,+781.25000E-03,-598.68750E-03
+1.17000E-03,+812.50000E-03,-598.68750E-03
+1.19000E-03,+835.93750E-03,-590.87500E-03
+1.21000E-03,+828.12500E-03,-575.25000E-03
+1.23000E-03,+843.75000E-03,-559.62500E-03
+1.25000E-03,+875.00000E-03,-536.18750E-03
+1.27000E-03,+875.00000E-03,-520.56250E-03
+1.29000E-03,+875.00000E-03,-497.12500E-03
+1.31000E-03,+867.18750E-03,-473.68750E-03
+1.33000E-03,+875.00000E-03,-465.87500E-03
+1.35000E-03,+890.62500E-03,-442.43750E-03
+1.37000E-03,+890.62500E-03,-403.37500E-03
+1.39000E-03,+898.43750E-03,-379.93750E-03
+1.41000E-03,+906.25000E-03,-356.50000E-03
+1.43000E-03,+914.06250E-03,-333.06250E-03
+1.45000E-03,+921.87500E-03,-325.25000E-03
+1.47000E-03,+937.50000E-03,-301.81250E-03
+1.49000E-03,+945.31250E-03,-270.56250E-03
+1.51000E-03,+937.50000E-03,-262.75000E-03
+1.53000E-03,+937.50000E-03,-254.93750E-03
+1.55000E-03,+937.50000E-03,-239.31250E-03
+1.57000E-03,+953.12500E-03,-223.68750E-03
+1.59000E-03,+960.93750E-03,-223.68750E-03
+1.61000E-03,+984.37500E-03,-223.68750E-03
+1.63000E-03,+984.37500E-03,-215.87500E-03
+1.65000E-03,+960.93750E-03,-208.06250E-03
+1.67000E-03,+968.75000E-03,-200.25000E-03
+1.69000E-03,+968.75000E-03,-200.25000E-03
+1.71000E-03,+960.93750E-03,-200.25000E-03
+1.73000E-03,+976.56250E-03,-192.43750E-03
+1.75000E-03,+984.37500E-03,-176.81250E-03
+1.77000E-03,+984.37500E-03,-161.18750E-03
+1.79000E-03,+1.00781250E+00,-153.37500E-03
+1.81000E-03,+1.00781250E+00,-169.00000E-03
+1.83000E-03,+984.37500E-03,-161.18750E-03
+1.85000E-03,+992.18750E-03,-122.12500E-03
+1.87000E-03,+984.37500E-03,-90.87500E-03
+1.89000E-03,+976.56250E-03,-67.43750E-03
+1.91000E-03,+984.37500E-03,-44.00000E-03
+1.93000E-03,+968.75000E-03,-44.00000E-03
+1.95000E-03,+976.56250E-03,-36.18750E-03
+1.97000E-03,+976.56250E-03,+2.87500E-03
+1.99000E-03,+960.93750E-03,+26.31250E-03
+2.01000E-03,+960.93750E-03,+49.75000E-03
+2.03000E-03,+968.75000E-03,+81.00000E-03
+2.05000E-03,+968.75000E-03,+104.43750E-03
+2.07000E-03,+968.75000E-03,+120.06250E-03
+2.09000E-03,+953.12500E-03,+151.31250E-03
+2.11000E-03,+929.68750E-03,+182.56250E-03
+2.13000E-03,+929.68750E-03,+182.56250E-03
+2.15000E-03,+929.68750E-03,+198.18750E-03
+2.17000E-03,+929.68750E-03,+229.43750E-03
+2.19000E-03,+921.87500E-03,+221.62500E-03
+2.21000E-03,+921.87500E-03,+237.25000E-03
+2.23000E-03,+914.06250E-03,+268.50000E-03
+2.25000E-03,+890.62500E-03,+268.50000E-03
+2.27000E-03,+898.43750E-03,+268.50000E-03
+2.29000E-03,+898.43750E-03,+268.50000E-03
+2.31000E-03,+890.62500E-03,+276.31250E-03
+2.33000E-03,+890.62500E-03,+276.31250E-03
+2.35000E-03,+867.18750E-03,+276.31250E-03
+2.37000E-03,+859.37500E-03,+291.93750E-03
+2.39000E-03,+859.37500E-03,+291.93750E-03
+2.41000E-03,+843.75000E-03,+299.75000E-03
+2.43000E-03,+835.93750E-03,+323.18750E-03
+2.45000E-03,+812.50000E-03,+323.18750E-03
+2.47000E-03,+789.06250E-03,+338.81250E-03
+2.49000E-03,+773.43750E-03,+370.06250E-03
+2.51000E-03,+781.25000E-03,+377.87500E-03
+2.53000E-03,+773.43750E-03,+393.50000E-03
+2.55000E-03,+750.00000E-03,+416.93750E-03
+2.57000E-03,+734.37500E-03,+456.00000E-03
+2.59000E-03,+726.56250E-03,+487.25000E-03
+2.61000E-03,+726.56250E-03,+502.87500E-03
+2.63000E-03,+710.93750E-03,+518.50000E-03
+2.65000E-03,+703.12500E-03,+534.12500E-03
+2.67000E-03,+687.50000E-03,+565.37500E-03
+2.69000E-03,+671.87500E-03,+581.00000E-03
+2.71000E-03,+671.87500E-03,+596.62500E-03
+2.73000E-03,+664.06250E-03,+635.68750E-03
+2.75000E-03,+625.00000E-03,+651.31250E-03
+2.77000E-03,+593.75000E-03,+643.50000E-03
+2.79000E-03,+593.75000E-03,+666.93750E-03
+2.81000E-03,+585.93750E-03,+682.56250E-03
+2.83000E-03,+570.31250E-03,+690.37500E-03
+2.85000E-03,+554.68750E-03,+698.18750E-03
+2.87000E-03,+531.25000E-03,+698.18750E-03
+2.89000E-03,+515.62500E-03,+690.37500E-03
+2.91000E-03,+515.62500E-03,+674.75000E-03
+2.93000E-03,+507.81250E-03,+682.56250E-03
+2.95000E-03,+492.18750E-03,+682.56250E-03
+2.97000E-03,+468.75000E-03,+690.37500E-03
+2.99000E-03,+453.12500E-03,+682.56250E-03
+3.01000E-03,+429.68750E-03,+682.56250E-03
+3.03000E-03,+406.25000E-03,+698.18750E-03
+3.05000E-03,+390.62500E-03,+682.56250E-03
+3.07000E-03,+359.37500E-03,+698.18750E-03
+3.09000E-03,+343.75000E-03,+721.62500E-03
+3.11000E-03,+335.93750E-03,+721.62500E-03
+3.13000E-03,+320.31250E-03,+729.43750E-03
+3.15000E-03,+296.87500E-03,+745.06250E-03
+3.17000E-03,+273.43750E-03,+752.87500E-03
+3.19000E-03,+257.81250E-03,+776.31250E-03
+3.21000E-03,+250.00000E-03,+791.93750E-03
+3.23000E-03,+226.56250E-03,+791.93750E-03
+3.25000E-03,+203.12500E-03,+823.18750E-03
+3.27000E-03,+195.31250E-03,+846.62500E-03
+3.29000E-03,+179.68750E-03,+854.43750E-03
+3.31000E-03,+156.25000E-03,+854.43750E-03
+3.33000E-03,+132.81250E-03,+854.43750E-03
+3.35000E-03,+117.18750E-03,+885.68750E-03
+3.37000E-03,+101.56250E-03,+901.31250E-03
+3.39000E-03,+78.12500E-03,+893.50000E-03
+3.41000E-03,+54.68750E-03,+901.31250E-03
+3.43000E-03,+54.68750E-03,+909.12500E-03
+3.45000E-03,+46.87500E-03,+901.31250E-03
+3.47000E-03,+23.43750E-03,+893.50000E-03
+3.49000E-03,-0.0E+00,+893.50000E-03
+3.51000E-03,+7.81250E-03,+893.50000E-03
+3.53000E-03,+31.25000E-03,+885.68750E-03
+3.55000E-03,+39.06250E-03,+870.06250E-03
+3.57000E-03,+54.68750E-03,+862.25000E-03
+3.59000E-03,+62.50000E-03,+862.25000E-03
+3.61000E-03,+78.12500E-03,+854.43750E-03
+3.63000E-03,+109.37500E-03,+831.00000E-03
+3.65000E-03,+125.00000E-03,+823.18750E-03
+3.67000E-03,+132.81250E-03,+831.00000E-03
+3.69000E-03,+156.25000E-03,+823.18750E-03
+3.71000E-03,+179.68750E-03,+807.56250E-03
+3.73000E-03,+195.31250E-03,+823.18750E-03
+3.75000E-03,+226.56250E-03,+838.81250E-03
+3.77000E-03,+250.00000E-03,+823.18750E-03
+3.79000E-03,+250.00000E-03,+815.37500E-03
+3.81000E-03,+257.81250E-03,+815.37500E-03
+3.83000E-03,+273.43750E-03,+838.81250E-03
+3.85000E-03,+304.68750E-03,+862.25000E-03
+3.87000E-03,+320.31250E-03,+862.25000E-03
+3.89000E-03,+335.93750E-03,+854.43750E-03
+3.91000E-03,+375.00000E-03,+846.62500E-03
+3.93000E-03,+406.25000E-03,+854.43750E-03
+3.95000E-03,+421.87500E-03,+862.25000E-03
+3.97000E-03,+429.68750E-03,+870.06250E-03
+3.99000E-03,+445.31250E-03,+870.06250E-03
+4.01000E-03,+468.75000E-03,+870.06250E-03
+4.03000E-03,+484.37500E-03,+862.25000E-03
+4.05000E-03,+492.18750E-03,+854.43750E-03
+4.07000E-03,+507.81250E-03,+846.62500E-03
+4.09000E-03,+523.43750E-03,+831.00000E-03
+4.11000E-03,+539.06250E-03,+815.37500E-03
+4.13000E-03,+546.87500E-03,+791.93750E-03
+4.15000E-03,+554.68750E-03,+776.31250E-03
+4.17000E-03,+578.12500E-03,+752.87500E-03
+4.19000E-03,+593.75000E-03,+745.06250E-03
+4.21000E-03,+601.56250E-03,+737.25000E-03
+4.23000E-03,+617.18750E-03,+721.62500E-03
+4.25000E-03,+632.81250E-03,+706.00000E-03
+4.27000E-03,+656.25000E-03,+698.18750E-03
+4.29000E-03,+679.68750E-03,+682.56250E-03
+4.31000E-03,+671.87500E-03,+651.31250E-03
+4.33000E-03,+679.68750E-03,+627.87500E-03
+4.35000E-03,+703.12500E-03,+620.06250E-03
+4.37000E-03,+710.93750E-03,+612.25000E-03
+4.39000E-03,+718.75000E-03,+596.62500E-03
+4.41000E-03,+734.37500E-03,+596.62500E-03
+4.43000E-03,+765.62500E-03,+596.62500E-03
+4.45000E-03,+773.43750E-03,+596.62500E-03
+4.47000E-03,+773.43750E-03,+596.62500E-03
+4.49000E-03,+781.25000E-03,+604.43750E-03
+4.51000E-03,+804.68750E-03,+604.43750E-03
+4.53000E-03,+812.50000E-03,+604.43750E-03
+4.55000E-03,+804.68750E-03,+620.06250E-03
+4.57000E-03,+843.75000E-03,+604.43750E-03
+4.59000E-03,+867.18750E-03,+581.00000E-03
+4.61000E-03,+851.56250E-03,+581.00000E-03
+4.63000E-03,+859.37500E-03,+565.37500E-03
+4.65000E-03,+882.81250E-03,+549.75000E-03
+4.67000E-03,+890.62500E-03,+541.93750E-03
+4.69000E-03,+898.43750E-03,+534.12500E-03
+4.71000E-03,+906.25000E-03,+510.68750E-03
+4.73000E-03,+914.06250E-03,+479.43750E-03
+4.75000E-03,+914.06250E-03,+479.43750E-03
+4.77000E-03,+906.25000E-03,+456.00000E-03
+4.79000E-03,+921.87500E-03,+409.12500E-03
+4.81000E-03,+929.68750E-03,+385.68750E-03
+4.83000E-03,+929.68750E-03,+370.06250E-03
+4.85000E-03,+929.68750E-03,+346.62500E-03
+4.87000E-03,+929.68750E-03,+315.37500E-03
+4.89000E-03,+953.12500E-03,+299.75000E-03
+4.91000E-03,+968.75000E-03,+284.12500E-03
+4.93000E-03,+968.75000E-03,+260.68750E-03
+4.95000E-03,+960.93750E-03,+252.87500E-03
+4.97000E-03,+960.93750E-03,+237.25000E-03
+4.99000E-03,+968.75000E-03,+221.62500E-03
+5.01000E-03,+960.93750E-03,+213.81250E-03
+5.03000E-03,+960.93750E-03,+206.00000E-03
+5.05000E-03,+992.18750E-03,+206.00000E-03
+5.07000E-03,+1.01562500E+00,+206.00000E-03
+5.09000E-03,+1.00000000E+00,+213.81250E-03
+5.11000E-03,+976.56250E-03,+206.00000E-03
+5.13000E-03,+968.75000E-03,+206.00000E-03
+5.15000E-03,+976.56250E-03,+229.43750E-03
+5.17000E-03,+976.56250E-03,+237.25000E-03
+5.19000E-03,+984.37500E-03,+245.06250E-03
+5.21000E-03,+976.56250E-03,+260.68750E-03
+5.23000E-03,+984.37500E-03,+252.87500E-03
+5.25000E-03,+992.18750E-03,+252.87500E-03
+5.27000E-03,+976.56250E-03,+276.31250E-03
+5.29000E-03,+976.56250E-03,+268.50000E-03
+5.31000E-03,+976.56250E-03,+260.68750E-03
+5.33000E-03,+960.93750E-03,+260.68750E-03
+5.35000E-03,+945.31250E-03,+252.87500E-03
+5.37000E-03,+953.12500E-03,+252.87500E-03
+5.39000E-03,+953.12500E-03,+252.87500E-03
+5.41000E-03,+953.12500E-03,+252.87500E-03
+5.43000E-03,+945.31250E-03,+237.25000E-03
+5.45000E-03,+929.68750E-03,+221.62500E-03
+5.47000E-03,+929.68750E-03,+213.81250E-03
+5.49000E-03,+929.68750E-03,+206.00000E-03
+5.51000E-03,+921.87500E-03,+206.00000E-03
+5.53000E-03,+921.87500E-03,+206.00000E-03
+5.55000E-03,+921.87500E-03,+198.18750E-03
+5.57000E-03,+921.87500E-03,+198.18750E-03
+5.59000E-03,+914.06250E-03,+182.56250E-03
+5.61000E-03,+882.81250E-03,+182.56250E-03
+5.63000E-03,+875.00000E-03,+206.00000E-03
+5.65000E-03,+890.62500E-03,+206.00000E-03
+5.67000E-03,+859.37500E-03,+221.62500E-03
+5.69000E-03,+851.56250E-03,+252.87500E-03
+5.71000E-03,+859.37500E-03,+276.31250E-03
+5.73000E-03,+843.75000E-03,+284.12500E-03
+5.75000E-03,+851.56250E-03,+299.75000E-03
+5.77000E-03,+843.75000E-03,+331.00000E-03
+5.79000E-03,+820.31250E-03,+354.43750E-03
+5.81000E-03,+804.68750E-03,+385.68750E-03
+5.83000E-03,+796.87500E-03,+416.93750E-03
+5.85000E-03,+796.87500E-03,+448.18750E-03
+5.87000E-03,+781.25000E-03,+479.43750E-03
+5.89000E-03,+781.25000E-03,+502.87500E-03
+5.91000E-03,+773.43750E-03,+526.31250E-03
+5.93000E-03,+734.37500E-03,+549.75000E-03
+5.95000E-03,+726.56250E-03,+588.81250E-03
+5.97000E-03,+734.37500E-03,+620.06250E-03
+5.99000E-03,+710.93750E-03,+627.87500E-03
+6.01000E-03,+679.68750E-03,+635.68750E-03
+6.03000E-03,+664.06250E-03,+643.50000E-03
+6.05000E-03,+640.62500E-03,+666.93750E-03
+6.07000E-03,+632.81250E-03,+690.37500E-03
+6.09000E-03,+632.81250E-03,+698.18750E-03
+6.11000E-03,+593.75000E-03,+706.00000E-03
+6.13000E-03,+570.31250E-03,+690.37500E-03
+6.15000E-03,+578.12500E-03,+682.56250E-03
+6.17000E-03,+570.31250E-03,+698.18750E-03
+6.19000E-03,+554.68750E-03,+690.37500E-03
+6.21000E-03,+539.06250E-03,+674.75000E-03
+6.23000E-03,+531.25000E-03,+682.56250E-03
+6.25000E-03,+515.62500E-03,+690.37500E-03
+6.27000E-03,+492.18750E-03,+698.18750E-03
+6.29000E-03,+468.75000E-03,+682.56250E-03
+6.31000E-03,+445.31250E-03,+674.75000E-03
+6.33000E-03,+445.31250E-03,+682.56250E-03
+6.35000E-03,+445.31250E-03,+682.56250E-03
+6.37000E-03,+437.50000E-03,+698.18750E-03
+6.39000E-03,+414.06250E-03,+706.00000E-03
+6.41000E-03,+375.00000E-03,+713.81250E-03
+6.43000E-03,+351.56250E-03,+729.43750E-03
+6.45000E-03,+343.75000E-03,+737.25000E-03
+6.47000E-03,+312.50000E-03,+745.06250E-03
+6.49000E-03,+281.25000E-03,+768.50000E-03
+6.51000E-03,+273.43750E-03,+791.93750E-03
+6.53000E-03,+257.81250E-03,+799.75000E-03
+6.55000E-03,+242.18750E-03,+807.56250E-03
+6.57000E-03,+234.37500E-03,+838.81250E-03
+6.59000E-03,+210.93750E-03,+862.25000E-03
+6.61000E-03,+179.68750E-03,+862.25000E-03
+6.63000E-03,+156.25000E-03,+870.06250E-03
+6.65000E-03,+140.62500E-03,+877.87500E-03
+6.67000E-03,+140.62500E-03,+893.50000E-03
+6.69000E-03,+117.18750E-03,+909.12500E-03
+6.71000E-03,+85.93750E-03,+909.12500E-03
+6.73000E-03,+70.31250E-03,+901.31250E-03
+6.75000E-03,+54.68750E-03,+901.31250E-03
+6.77000E-03,+39.06250E-03,+901.31250E-03
+6.79000E-03,+31.25000E-03,+893.50000E-03
+6.81000E-03,+15.62500E-03,+893.50000E-03
+6.83000E-03,-15.62500E-03,+901.31250E-03
+6.85000E-03,-54.68750E-03,+901.31250E-03
+6.87000E-03,-78.12500E-03,+885.68750E-03
+6.89000E-03,-78.12500E-03,+877.87500E-03
+6.91000E-03,-85.93750E-03,+877.87500E-03
+6.93000E-03,-101.56250E-03,+877.87500E-03
+6.95000E-03,-117.18750E-03,+862.25000E-03
+6.97000E-03,-140.62500E-03,+838.81250E-03
+6.99000E-03,-171.87500E-03,+846.62500E-03
+7.01000E-03,-187.50000E-03,+854.43750E-03
+7.03000E-03,-210.93750E-03,+838.81250E-03
+7.05000E-03,-226.56250E-03,+846.62500E-03
+7.07000E-03,-218.75000E-03,+846.62500E-03
+7.09000E-03,-242.18750E-03,+838.81250E-03
+7.11000E-03,-273.43750E-03,+838.81250E-03
+7.13000E-03,-289.06250E-03,+838.81250E-03
+7.15000E-03,-312.50000E-03,+854.43750E-03
+7.17000E-03,-320.31250E-03,+862.25000E-03
+7.19000E-03,-335.93750E-03,+862.25000E-03
+7.21000E-03,-375.00000E-03,+854.43750E-03
+7.23000E-03,-390.62500E-03,+862.25000E-03
+7.25000E-03,-414.06250E-03,+870.06250E-03
+7.27000E-03,-437.50000E-03,+862.25000E-03
+7.29000E-03,-445.31250E-03,+862.25000E-03
+7.31000E-03,-453.12500E-03,+862.25000E-03
+7.33000E-03,-468.75000E-03,+862.25000E-03
+7.35000E-03,-484.37500E-03,+862.25000E-03
+7.37000E-03,-492.18750E-03,+854.43750E-03
+7.39000E-03,-523.43750E-03,+846.62500E-03
+7.41000E-03,-531.25000E-03,+831.00000E-03
+7.43000E-03,-531.25000E-03,+807.56250E-03
+7.45000E-03,-554.68750E-03,+799.75000E-03
+7.47000E-03,-570.31250E-03,+791.93750E-03
+7.49000E-03,-578.12500E-03,+784.12500E-03
+7.51000E-03,-578.12500E-03,+776.31250E-03
+7.53000E-03,-609.37500E-03,+752.87500E-03
+7.55000E-03,-648.43750E-03,+737.25000E-03
+7.57000E-03,-671.87500E-03,+729.43750E-03
+7.59000E-03,-679.68750E-03,+713.81250E-03
+7.61000E-03,-687.50000E-03,+682.56250E-03
+7.63000E-03,-703.12500E-03,+666.93750E-03
+7.65000E-03,-703.12500E-03,+674.75000E-03
+7.67000E-03,-718.75000E-03,+651.31250E-03
+7.69000E-03,-742.18750E-03,+627.87500E-03
+7.71000E-03,-750.00000E-03,+635.68750E-03
+7.73000E-03,-757.81250E-03,+620.06250E-03
+7.75000E-03,-773.43750E-03,+604.43750E-03
+7.77000E-03,-781.25000E-03,+612.25000E-03
+7.79000E-03,-796.87500E-03,+604.43750E-03
+7.81000E-03,-812.50000E-03,+581.00000E-03
+7.83000E-03,-828.12500E-03,+573.18750E-03
+7.85000E-03,-851.56250E-03,+573.18750E-03
+7.87000E-03,-859.37500E-03,+565.37500E-03
+7.89000E-03,-851.56250E-03,+565.37500E-03
+7.91000E-03,-859.37500E-03,+565.37500E-03
+7.93000E-03,-882.81250E-03,+565.37500E-03
+7.95000E-03,-898.43750E-03,+565.37500E-03
+7.97000E-03,-890.62500E-03,+557.56250E-03
+7.99000E-03,-898.43750E-03,+549.75000E-03
+8.01000E-03,-921.87500E-03,+541.93750E-03
+8.03000E-03,-921.87500E-03,+518.50000E-03
+8.05000E-03,-937.50000E-03,+487.25000E-03
+8.07000E-03,-945.31250E-03,+479.43750E-03
+8.09000E-03,-937.50000E-03,+471.62500E-03
+8.11000E-03,-937.50000E-03,+440.37500E-03
+8.13000E-03,-953.12500E-03,+424.75000E-03
+8.15000E-03,-953.12500E-03,+401.31250E-03
+8.17000E-03,-953.12500E-03,+377.87500E-03
+8.19000E-03,-960.93750E-03,+370.06250E-03
+8.21000E-03,-953.12500E-03,+346.62500E-03
+8.23000E-03,-968.75000E-03,+307.56250E-03
+8.25000E-03,-968.75000E-03,+284.12500E-03
+8.27000E-03,-976.56250E-03,+284.12500E-03
+8.29000E-03,-1.00000000E+00,+260.68750E-03
+8.31000E-03,-1.00781250E+00,+213.81250E-03
+8.33000E-03,-1.01562500E+00,+206.00000E-03
+8.35000E-03,-1.01562500E+00,+190.37500E-03
+8.37000E-03,-992.18750E-03,+159.12500E-03
+8.39000E-03,-992.18750E-03,+151.31250E-03
+8.41000E-03,-1.01562500E+00,+135.68750E-03
+8.43000E-03,-1.01562500E+00,+143.50000E-03
+8.45000E-03,-1.02343750E+00,+143.50000E-03
+8.47000E-03,-1.02343750E+00,+127.87500E-03
+8.49000E-03,-1.02343750E+00,+120.06250E-03
+8.51000E-03,-1.02343750E+00,+104.43750E-03
+8.53000E-03,-1.02343750E+00,+96.62500E-03
+8.55000E-03,-1.02343750E+00,+88.81250E-03
+8.57000E-03,-1.00781250E+00,+81.00000E-03
+8.59000E-03,-1.00781250E+00,+73.18750E-03
+8.61000E-03,-1.01562500E+00,+57.56250E-03
+8.63000E-03,-1.01562500E+00,+41.93750E-03
+8.65000E-03,-1.01562500E+00,+34.12500E-03
+8.67000E-03,-1.00000000E+00,+26.31250E-03
+8.69000E-03,-992.18750E-03,+18.50000E-03
+8.71000E-03,-1.00000000E+00,+2.87500E-03
+8.73000E-03,-992.18750E-03,-28.37500E-03
+8.75000E-03,-984.37500E-03,-36.18750E-03
+8.77000E-03,-992.18750E-03,-51.81250E-03
+8.79000E-03,-984.37500E-03,-67.43750E-03
+8.81000E-03,-968.75000E-03,-67.43750E-03
+8.83000E-03,-953.12500E-03,-122.12500E-03
+8.85000E-03,-945.31250E-03,-145.56250E-03
+8.87000E-03,-945.31250E-03,-145.56250E-03
+8.89000E-03,-937.50000E-03,-184.62500E-03
+8.91000E-03,-929.68750E-03,-215.87500E-03
+8.93000E-03,-929.68750E-03,-247.12500E-03
+8.95000E-03,-929.68750E-03,-262.75000E-03
+8.97000E-03,-921.87500E-03,-270.56250E-03
+8.99000E-03,-914.06250E-03,-294.00000E-03
+9.01000E-03,-906.25000E-03,-317.43750E-03
+9.03000E-03,-890.62500E-03,-317.43750E-03
+9.05000E-03,-867.18750E-03,-317.43750E-03
+9.07000E-03,-867.18750E-03,-333.06250E-03
+9.09000E-03,-867.18750E-03,-348.68750E-03
+9.11000E-03,-859.37500E-03,-356.50000E-03
+9.13000E-03,-851.56250E-03,-356.50000E-03
+9.15000E-03,-835.93750E-03,-356.50000E-03
+9.17000E-03,-828.12500E-03,-356.50000E-03
+9.19000E-03,-820.31250E-03,-379.93750E-03
+9.21000E-03,-812.50000E-03,-379.93750E-03
+9.23000E-03,-796.87500E-03,-372.12500E-03
+9.25000E-03,-757.81250E-03,-379.93750E-03
+9.27000E-03,-734.37500E-03,-379.93750E-03
+9.29000E-03,-734.37500E-03,-411.18750E-03
+9.31000E-03,-734.37500E-03,-442.43750E-03
+9.33000E-03,-718.75000E-03,-426.81250E-03
+9.35000E-03,-703.12500E-03,-419.00000E-03
+9.37000E-03,-695.31250E-03,-450.25000E-03
+9.39000E-03,-687.50000E-03,-473.68750E-03
+9.41000E-03,-679.68750E-03,-504.93750E-03
+9.43000E-03,-656.25000E-03,-528.37500E-03
+9.45000E-03,-640.62500E-03,-544.00000E-03
+9.47000E-03,-632.81250E-03,-567.43750E-03
+9.49000E-03,-601.56250E-03,-590.87500E-03
+9.51000E-03,-578.12500E-03,-614.31250E-03
+9.53000E-03,-570.31250E-03,-629.93750E-03
+9.55000E-03,-562.50000E-03,-645.56250E-03
+9.57000E-03,-554.68750E-03,-661.18750E-03
+9.59000E-03,-539.06250E-03,-684.62500E-03
+9.61000E-03,-523.43750E-03,-700.25000E-03
+9.63000E-03,-515.62500E-03,-700.25000E-03
+9.65000E-03,-492.18750E-03,-708.06250E-03
+9.67000E-03,-453.12500E-03,-723.68750E-03
+9.69000E-03,-445.31250E-03,-723.68750E-03
+9.71000E-03,-437.50000E-03,-715.87500E-03
+9.73000E-03,-414.06250E-03,-715.87500E-03
+9.75000E-03,-406.25000E-03,-723.68750E-03
+9.77000E-03,-382.81250E-03,-739.31250E-03
+9.79000E-03,-351.56250E-03,-731.50000E-03
+9.81000E-03,-328.12500E-03,-708.06250E-03
+9.83000E-03,-312.50000E-03,-708.06250E-03
+9.85000E-03,-304.68750E-03,-708.06250E-03
+9.87000E-03,-296.87500E-03,-700.25000E-03
+9.89000E-03,-265.62500E-03,-700.25000E-03
+9.91000E-03,-242.18750E-03,-708.06250E-03
+9.93000E-03,-242.18750E-03,-715.87500E-03
+9.95000E-03,-218.75000E-03,-723.68750E-03
+9.97000E-03,-187.50000E-03,-723.68750E-03
+9.99000E-03,-164.06250E-03,-723.68750E-03
+10.01000E-03,-140.62500E-03,-731.50000E-03
+10.03000E-03,-117.18750E-03,-754.93750E-03
+10.05000E-03,-101.56250E-03,-778.37500E-03
+10.07000E-03,-93.75000E-03,-786.18750E-03
+10.09000E-03,-85.93750E-03,-801.81250E-03
+10.11000E-03,-62.50000E-03,-809.62500E-03
+10.13000E-03,-46.87500E-03,-817.43750E-03
+10.15000E-03,-39.06250E-03,-848.68750E-03
+10.17000E-03,-0.0E+00,-856.50000E-03
+10.19000E-03,+23.43750E-03,-840.87500E-03
+10.21000E-03,+23.43750E-03,-848.68750E-03
+10.23000E-03,+39.06250E-03,-856.50000E-03
+10.25000E-03,+62.50000E-03,-856.50000E-03
+10.27000E-03,+85.93750E-03,-856.50000E-03
+10.29000E-03,+101.56250E-03,-864.31250E-03
+10.31000E-03,+117.18750E-03,-864.31250E-03
+10.33000E-03,+140.62500E-03,-856.50000E-03
+10.35000E-03,+156.25000E-03,-848.68750E-03
+10.37000E-03,+171.87500E-03,-848.68750E-03
+10.39000E-03,+195.31250E-03,-840.87500E-03
+10.41000E-03,+203.12500E-03,-833.06250E-03
+10.43000E-03,+210.93750E-03,-825.25000E-03
+10.45000E-03,+242.18750E-03,-801.81250E-03
+10.47000E-03,+265.62500E-03,-801.81250E-03
+10.49000E-03,+289.06250E-03,-794.00000E-03
+10.51000E-03,+312.50000E-03,-778.37500E-03
+10.53000E-03,+312.50000E-03,-778.37500E-03
+10.55000E-03,+328.12500E-03,-747.12500E-03
+10.57000E-03,+367.18750E-03,-723.68750E-03
+10.59000E-03,+382.81250E-03,-731.50000E-03
+10.61000E-03,+398.43750E-03,-731.50000E-03
+10.63000E-03,+421.87500E-03,-739.31250E-03
+10.65000E-03,+437.50000E-03,-754.93750E-03
+10.67000E-03,+460.93750E-03,-754.93750E-03
+10.69000E-03,+460.93750E-03,-739.31250E-03
+10.71000E-03,+468.75000E-03,-739.31250E-03
+10.73000E-03,+500.00000E-03,-739.31250E-03
+10.75000E-03,+515.62500E-03,-731.50000E-03
+10.77000E-03,+523.43750E-03,-747.12500E-03
+10.79000E-03,+539.06250E-03,-754.93750E-03
+10.81000E-03,+562.50000E-03,-739.31250E-03
+10.83000E-03,+578.12500E-03,-731.50000E-03
+10.85000E-03,+585.93750E-03,-731.50000E-03
+10.87000E-03,+609.37500E-03,-731.50000E-03
+10.89000E-03,+640.62500E-03,-731.50000E-03
+10.91000E-03,+656.25000E-03,-723.68750E-03
+10.93000E-03,+664.06250E-03,-708.06250E-03
+10.95000E-03,+671.87500E-03,-692.43750E-03
+10.97000E-03,+679.68750E-03,-684.62500E-03
+10.99000E-03,+695.31250E-03,-676.81250E-03
+11.01000E-03,+703.12500E-03,-661.18750E-03
+11.03000E-03,+710.93750E-03,-637.75000E-03
+11.05000E-03,+718.75000E-03,-614.31250E-03
+11.07000E-03,+726.56250E-03,-598.68750E-03
+11.09000E-03,+750.00000E-03,-583.06250E-03
+11.11000E-03,+765.62500E-03,-575.25000E-03
+11.13000E-03,+757.81250E-03,-559.62500E-03
+11.15000E-03,+773.43750E-03,-528.37500E-03
+11.17000E-03,+789.06250E-03,-504.93750E-03
+11.19000E-03,+789.06250E-03,-497.12500E-03
+11.21000E-03,+812.50000E-03,-489.31250E-03
+11.23000E-03,+828.12500E-03,-465.87500E-03
+11.25000E-03,+835.93750E-03,-450.25000E-03
+11.27000E-03,+859.37500E-03,-442.43750E-03
+11.29000E-03,+867.18750E-03,-434.62500E-03
+11.31000E-03,+867.18750E-03,-442.43750E-03
+11.33000E-03,+859.37500E-03,-450.25000E-03
+11.35000E-03,+867.18750E-03,-419.00000E-03
+11.37000E-03,+898.43750E-03,-395.56250E-03
+11.39000E-03,+906.25000E-03,-419.00000E-03
+11.41000E-03,+898.43750E-03,-426.81250E-03
+11.43000E-03,+906.25000E-03,-403.37500E-03
+11.45000E-03,+921.87500E-03,-387.75000E-03
+11.47000E-03,+929.68750E-03,-395.56250E-03
+11.49000E-03,+937.50000E-03,-387.75000E-03
+11.51000E-03,+945.31250E-03,-372.12500E-03
+11.53000E-03,+945.31250E-03,-356.50000E-03
+11.55000E-03,+953.12500E-03,-333.06250E-03
+11.57000E-03,+953.12500E-03,-317.43750E-03
+11.59000E-03,+968.75000E-03,-294.00000E-03
+11.61000E-03,+976.56250E-03,-278.37500E-03
+11.63000E-03,+960.93750E-03,-254.93750E-03
+11.65000E-03,+968.75000E-03,-223.68750E-03
+11.67000E-03,+953.12500E-03,-208.06250E-03
+11.69000E-03,+953.12500E-03,-184.62500E-03
+11.71000E-03,+984.37500E-03,-153.37500E-03
+11.73000E-03,+984.37500E-03,-137.75000E-03
+11.75000E-03,+992.18750E-03,-122.12500E-03
+11.77000E-03,+992.18750E-03,-98.68750E-03
+11.79000E-03,+976.56250E-03,-75.25000E-03
+11.81000E-03,+976.56250E-03,-67.43750E-03
+11.83000E-03,+992.18750E-03,-59.62500E-03
+11.85000E-03,+992.18750E-03,-44.00000E-03
+11.87000E-03,+968.75000E-03,-28.37500E-03
+11.89000E-03,+984.37500E-03,-4.93750E-03
+11.91000E-03,+976.56250E-03,+10.68750E-03
+11.93000E-03,+960.93750E-03,+10.68750E-03
+11.95000E-03,+968.75000E-03,+10.68750E-03
+11.97000E-03,+968.75000E-03,+26.31250E-03
+11.99000E-03,+960.93750E-03,+34.12500E-03
+12.01000E-03,+960.93750E-03,+34.12500E-03
+12.03000E-03,+953.12500E-03,+34.12500E-03
+12.05000E-03,+953.12500E-03,+34.12500E-03
+12.07000E-03,+968.75000E-03,+41.93750E-03
+12.09000E-03,+960.93750E-03,+57.56250E-03
+12.11000E-03,+945.31250E-03,+73.18750E-03
+12.13000E-03,+937.50000E-03,+81.00000E-03
+12.15000E-03,+929.68750E-03,+81.00000E-03
+12.17000E-03,+921.87500E-03,+104.43750E-03
+12.19000E-03,+921.87500E-03,+135.68750E-03
+12.21000E-03,+914.06250E-03,+143.50000E-03
+12.23000E-03,+914.06250E-03,+166.93750E-03
+12.25000E-03,+914.06250E-03,+213.81250E-03
+12.27000E-03,+906.25000E-03,+252.87500E-03
+12.29000E-03,+906.25000E-03,+276.31250E-03
+12.31000E-03,+898.43750E-03,+291.93750E-03
+12.33000E-03,+890.62500E-03,+315.37500E-03
+12.35000E-03,+875.00000E-03,+338.81250E-03
+12.37000E-03,+851.56250E-03,+362.25000E-03
+12.39000E-03,+843.75000E-03,+377.87500E-03
+12.41000E-03,+828.12500E-03,+393.50000E-03
+12.43000E-03,+835.93750E-03,+416.93750E-03
+12.45000E-03,+828.12500E-03,+432.56250E-03
+12.47000E-03,+789.06250E-03,+463.81250E-03
+12.49000E-03,+781.25000E-03,+495.06250E-03
+12.51000E-03,+773.43750E-03,+495.06250E-03
+12.53000E-03,+757.81250E-03,+495.06250E-03
+12.55000E-03,+750.00000E-03,+502.87500E-03
+12.57000E-03,+742.18750E-03,+495.06250E-03
+12.59000E-03,+726.56250E-03,+502.87500E-03
+12.61000E-03,+726.56250E-03,+510.68750E-03
+12.63000E-03,+726.56250E-03,+510.68750E-03
+12.65000E-03,+710.93750E-03,+518.50000E-03
+12.67000E-03,+687.50000E-03,+510.68750E-03
+12.69000E-03,+664.06250E-03,+510.68750E-03
+12.71000E-03,+664.06250E-03,+518.50000E-03
+12.73000E-03,+640.62500E-03,+526.31250E-03
+12.75000E-03,+609.37500E-03,+541.93750E-03
+12.77000E-03,+601.56250E-03,+557.56250E-03
+12.79000E-03,+593.75000E-03,+557.56250E-03
+12.81000E-03,+570.31250E-03,+549.75000E-03
+12.83000E-03,+554.68750E-03,+573.18750E-03
+12.85000E-03,+546.87500E-03,+604.43750E-03
+12.87000E-03,+539.06250E-03,+627.87500E-03
+12.89000E-03,+523.43750E-03,+643.50000E-03
+12.91000E-03,+500.00000E-03,+666.93750E-03
+12.93000E-03,+500.00000E-03,+682.56250E-03
+12.95000E-03,+492.18750E-03,+690.37500E-03
+12.97000E-03,+460.93750E-03,+698.18750E-03
+12.99000E-03,+437.50000E-03,+713.81250E-03
+13.01000E-03,+429.68750E-03,+752.87500E-03
+13.03000E-03,+414.06250E-03,+776.31250E-03
+13.05000E-03,+382.81250E-03,+791.93750E-03
+13.07000E-03,+351.56250E-03,+815.37500E-03
+13.09000E-03,+351.56250E-03,+823.18750E-03
+13.11000E-03,+351.56250E-03,+831.00000E-03
+13.13000E-03,+312.50000E-03,+823.18750E-03
+13.15000E-03,+273.43750E-03,+831.00000E-03
+13.17000E-03,+265.62500E-03,+838.81250E-03
+13.19000E-03,+257.81250E-03,+807.56250E-03
+13.21000E-03,+234.37500E-03,+823.18750E-03
+13.23000E-03,+210.93750E-03,+823.18750E-03
+13.25000E-03,+203.12500E-03,+799.75000E-03
+13.27000E-03,+187.50000E-03,+791.93750E-03
+13.29000E-03,+171.87500E-03,+799.75000E-03
+13.31000E-03,+164.06250E-03,+807.56250E-03
+13.33000E-03,+132.81250E-03,+791.93750E-03
+13.35000E-03,+101.56250E-03,+784.12500E-03
+13.37000E-03,+85.93750E-03,+791.93750E-03
+13.39000E-03,+70.31250E-03,+799.75000E-03
+13.41000E-03,+54.68750E-03,+799.75000E-03
+13.43000E-03,+39.06250E-03,+807.56250E-03
+13.45000E-03,+15.62500E-03,+815.37500E-03
+13.47000E-03,-7.81250E-03,+807.56250E-03
+13.49000E-03,-15.62500E-03,+807.56250E-03
+13.51000E-03,-0.0E+00,+823.18750E-03
+13.53000E-03,+31.25000E-03,+854.43750E-03
+13.55000E-03,+54.68750E-03,+870.06250E-03
+13.57000E-03,+62.50000E-03,+870.06250E-03
+13.59000E-03,+70.31250E-03,+877.87500E-03
+13.61000E-03,+85.93750E-03,+885.68750E-03
+13.63000E-03,+93.75000E-03,+893.50000E-03
+13.65000E-03,+101.56250E-03,+901.31250E-03
+13.67000E-03,+140.62500E-03,+909.12500E-03
+13.69000E-03,+171.87500E-03,+909.12500E-03
+13.71000E-03,+179.68750E-03,+916.93750E-03
+13.73000E-03,+187.50000E-03,+916.93750E-03
+13.75000E-03,+218.75000E-03,+909.12500E-03
+13.77000E-03,+250.00000E-03,+901.31250E-03
+13.79000E-03,+257.81250E-03,+901.31250E-03
+13.81000E-03,+273.43750E-03,+909.12500E-03
+13.83000E-03,+304.68750E-03,+893.50000E-03
+13.85000E-03,+328.12500E-03,+862.25000E-03
+13.87000E-03,+335.93750E-03,+854.43750E-03
+13.89000E-03,+359.37500E-03,+862.25000E-03
+13.91000E-03,+390.62500E-03,+846.62500E-03
+13.93000E-03,+406.25000E-03,+807.56250E-03
+13.95000E-03,+406.25000E-03,+784.12500E-03
+13.97000E-03,+429.68750E-03,+776.31250E-03
+13.99000E-03,+453.12500E-03,+768.50000E-03
+14.01000E-03,+453.12500E-03,+760.68750E-03
+14.03000E-03,+460.93750E-03,+745.06250E-03
+14.05000E-03,+484.37500E-03,+745.06250E-03
+14.07000E-03,+507.81250E-03,+760.68750E-03
+14.09000E-03,+515.62500E-03,+752.87500E-03
+14.11000E-03,+531.25000E-03,+737.25000E-03
+14.13000E-03,+546.87500E-03,+752.87500E-03
+14.15000E-03,+546.87500E-03,+760.68750E-03
+14.17000E-03,+554.68750E-03,+760.68750E-03
+14.19000E-03,+578.12500E-03,+760.68750E-03
+14.21000E-03,+601.56250E-03,+752.87500E-03
+14.23000E-03,+632.81250E-03,+752.87500E-03
+14.25000E-03,+656.25000E-03,+752.87500E-03
+14.27000E-03,+656.25000E-03,+752.87500E-03
+14.29000E-03,+664.06250E-03,+745.06250E-03
+14.31000E-03,+671.87500E-03,+737.25000E-03
+14.33000E-03,+687.50000E-03,+737.25000E-03
+14.35000E-03,+710.93750E-03,+729.43750E-03
+14.37000E-03,+718.75000E-03,+706.00000E-03
+14.39000E-03,+726.56250E-03,+698.18750E-03
+14.41000E-03,+742.18750E-03,+690.37500E-03
+14.43000E-03,+750.00000E-03,+666.93750E-03
+14.45000E-03,+757.81250E-03,+651.31250E-03
+14.47000E-03,+781.25000E-03,+620.06250E-03
+14.49000E-03,+804.68750E-03,+588.81250E-03
+14.51000E-03,+820.31250E-03,+573.18750E-03
+14.53000E-03,+812.50000E-03,+565.37500E-03
+14.55000E-03,+812.50000E-03,+549.75000E-03
+14.57000E-03,+843.75000E-03,+534.12500E-03
+14.59000E-03,+851.56250E-03,+510.68750E-03
+14.61000E-03,+843.75000E-03,+479.43750E-03
+14.63000E-03,+851.56250E-03,+456.00000E-03
+14.65000E-03,+859.37500E-03,+432.56250E-03
+14.67000E-03,+875.00000E-03,+424.75000E-03
+14.69000E-03,+890.62500E-03,+416.93750E-03
+14.71000E-03,+898.43750E-03,+409.12500E-03
+14.73000E-03,+898.43750E-03,+401.31250E-03
+14.75000E-03,+890.62500E-03,+393.50000E-03
+14.77000E-03,+906.25000E-03,+393.50000E-03
+14.79000E-03,+921.87500E-03,+393.50000E-03
+14.81000E-03,+914.06250E-03,+393.50000E-03
+14.83000E-03,+914.06250E-03,+393.50000E-03
+14.85000E-03,+921.87500E-03,+385.68750E-03
+14.87000E-03,+929.68750E-03,+377.87500E-03
+14.89000E-03,+929.68750E-03,+370.06250E-03
+14.91000E-03,+937.50000E-03,+362.25000E-03
+14.93000E-03,+953.12500E-03,+362.25000E-03
+14.95000E-03,+953.12500E-03,+354.43750E-03
+14.97000E-03,+953.12500E-03,+362.25000E-03
+14.99000E-03,+976.56250E-03,+354.43750E-03
+15.01000E-03,+984.37500E-03,+315.37500E-03
+15.03000E-03,+968.75000E-03,+299.75000E-03
+15.05000E-03,+976.56250E-03,+291.93750E-03
+15.07000E-03,+984.37500E-03,+268.50000E-03
+15.09000E-03,+968.75000E-03,+252.87500E-03
+15.11000E-03,+960.93750E-03,+237.25000E-03
+15.13000E-03,+976.56250E-03,+206.00000E-03
+15.15000E-03,+984.37500E-03,+174.75000E-03
+15.17000E-03,+1.00000000E+00,+143.50000E-03
+15.19000E-03,+992.18750E-03,+120.06250E-03
+15.21000E-03,+968.75000E-03,+104.43750E-03
+15.23000E-03,+976.56250E-03,+96.62500E-03
+15.25000E-03,+976.56250E-03,+81.00000E-03
+15.27000E-03,+968.75000E-03,+57.56250E-03
+15.29000E-03,+976.56250E-03,+49.75000E-03
+15.31000E-03,+976.56250E-03,+57.56250E-03
+15.33000E-03,+960.93750E-03,+57.56250E-03
+15.35000E-03,+976.56250E-03,+65.37500E-03
+15.37000E-03,+976.56250E-03,+81.00000E-03
+15.39000E-03,+953.12500E-03,+88.81250E-03
+15.41000E-03,+945.31250E-03,+104.43750E-03
+15.43000E-03,+960.93750E-03,+120.06250E-03
+15.45000E-03,+960.93750E-03,+135.68750E-03
+15.47000E-03,+937.50000E-03,+166.93750E-03
+15.49000E-03,+937.50000E-03,+206.00000E-03
+15.51000E-03,+937.50000E-03,+237.25000E-03
+15.53000E-03,+937.50000E-03,+268.50000E-03
+15.55000E-03,+921.87500E-03,+299.75000E-03
+15.57000E-03,+906.25000E-03,+338.81250E-03
+15.59000E-03,+906.25000E-03,+362.25000E-03
+15.61000E-03,+898.43750E-03,+377.87500E-03
+15.63000E-03,+890.62500E-03,+401.31250E-03
+15.65000E-03,+890.62500E-03,+432.56250E-03
+15.67000E-03,+867.18750E-03,+456.00000E-03
+15.69000E-03,+835.93750E-03,+471.62500E-03
+15.71000E-03,+851.56250E-03,+487.25000E-03
+15.73000E-03,+867.18750E-03,+502.87500E-03
+15.75000E-03,+835.93750E-03,+518.50000E-03
+15.77000E-03,+812.50000E-03,+526.31250E-03
+15.79000E-03,+812.50000E-03,+534.12500E-03
+15.81000E-03,+804.68750E-03,+534.12500E-03
+15.83000E-03,+781.25000E-03,+534.12500E-03
+15.85000E-03,+781.25000E-03,+526.31250E-03
+15.87000E-03,+781.25000E-03,+526.31250E-03
+15.89000E-03,+781.25000E-03,+526.31250E-03
+15.91000E-03,+765.62500E-03,+518.50000E-03
+15.93000E-03,+742.18750E-03,+518.50000E-03
+15.95000E-03,+734.37500E-03,+526.31250E-03
+15.97000E-03,+710.93750E-03,+526.31250E-03
+15.99000E-03,+687.50000E-03,+526.31250E-03
+16.01000E-03,+664.06250E-03,+534.12500E-03
+16.03000E-03,+664.06250E-03,+541.93750E-03
+16.05000E-03,+664.06250E-03,+549.75000E-03
+16.07000E-03,+648.43750E-03,+557.56250E-03
+16.09000E-03,+648.43750E-03,+565.37500E-03
+16.11000E-03,+640.62500E-03,+573.18750E-03
+16.13000E-03,+601.56250E-03,+588.81250E-03
+16.15000E-03,+570.31250E-03,+612.25000E-03
+16.17000E-03,+554.68750E-03,+627.87500E-03
+16.19000E-03,+546.87500E-03,+651.31250E-03
